weapon_editor_id,old_weapon_name,new_weapon_name,weapon_form_id
UnarmedDefault,,UnarmedDefault,000001F4
GasTrapDummy,a?￢a?1a??a?ca??a??a?Ra??a??a??,GasTrapDummy,000001F6
AssaultRifle,a?￠a?μa?≪a??a?ca??a??a?≪,AssaultRifle,0000463F
TurretMountedLaserGun02,a??a?￢a??a??a?≫a?￢a??a?¶a??a?￢a?3,TurretMountedLaserGun02,00019B47
TurretMountedLaserGun03,a??a?￢a??a??a?≫a?￢a??a?¶a??a?￢a?3,TurretMountedLaserGun03,00019B4E
TurretBubbleLaserGun04,a??a?￢a??a??a?≫a?￢a??a?¶a??a?￢a?3,TurretBubbleLaserGun04,00019B52
LaserMusket,a?￢a??a?¶a??a??a?1a?±a??a??,LaserMusket,0001DACF
Minigun,a??a??a?￢a?3,Minigun,0001F669
PipeGun,a?窶和??a??,PipeGun,00024F55
WeapBloatfly,a1?e?竕ｪa?Ra窶�?aﾂｶ2,WeapBloatfly,0003175B
BloodBugBloodWeap,a??a?ca??a?窶ｰa??a?ﾂｰa?Re!?a??a?ﾂｶa??,BloodBugBloodWeap,00031FB8
Machete,a??a??a?ﾂｧa??a??,Machete,00033FE0
MissileLauncher,a??a?μa??a?≪a?ca?3a??a?￡a??,MissileLauncher,0003F6F8
HuntingRifle,a??a?3a?†a?￡a?3a?°a?ca??a??a?≪,HuntingRifle,0004F46A
Knuckles,a??a??a?￣a?≪a?o,Knuckles,0005524B
BoSVertibirdGrenade,a?・a?°a??a?≪a?≫a?°a?￢a??a??a?‰,BoSVertibirdGrenade,00056917
SynthTeleportGrenade,aooe??aooe?“a?aa?￢a??a?°a?￢a??a??a?‰,SynthTeleportGrenade,000589F2
MQ203InstituteLaserGun,a??a?3a?1a?†a?￡a??a?\a??a??,MQ203InstituteLaserGun,0005A665
CompMcCreadyHuntingRifle,a??a?3a?†a?￡a?3a?°a?ca??a??a?≪,CompMcCreadyHuntingRifle,0005BBA4
CompDanseLaserGun,a?￢a??a?¶a??,CompDanseLaserGun,0005BBA6
CompValentinePipeRevolver,a?窶和??a??a?aa??a?竕ｪa??a??,CompValentinePipeRevolver,0005BBA7
Board,a??a??a?窶ｰ,Board,0005C250
CompStrongSledgehammer,a?1a?￢a??a?，a??a?3a??a??,CompStrongSledgehammer,0005DF2E
CompCaitDoubleBarrelShotgun,a??a??a?≪a??a?￢a?≪a?・a?§a??a??a?￢a?3,CompCaitDoubleBarrelShotgun,0005DF30
CompHancockDoubleBarrelShotgun,a??a??a?≪a??a?￢a?≪a?・a?§a??a??a?￢a?3,CompHancockDoubleBarrelShotgun,00062AA4
CompPrestonLaserMusket,a??a?￢a?1a??a?3a?Ra?￢a??a?¶a??a??a?1a?±a??a??,CompPrestonLaserMusket,00062AA6
Minigun_Vertibird_Player,a??a??a?￢a?3,Minigun_Vertibird_Player,00064B87
MS02HomingBeacon,e??aﾂｰ?a?窶彗??a?3a?3,MS02HomingBeacon,00065DEC
MS02NukeMissileFar,a?，c?†a??,MS02NukeMissileFar,00065DF2
BehemothBoulderSwan,a??a?’a?￠a?1a?≫a??a?≪a??a??,BehemothBoulderSwan,000662A7
DummyHandmadeDontUse,,DummyHandmadeDontUse,0006E514
FusionCoreKnightWeapon,a??a?\a??a?，a?§a?3a?≫a?3a?￠a?≫a??a?，a?§a?￣a??a??,FusionCoreKnightWeapon,000865E9
FusionCoreWeapon,a??a?\a??a?，a?§a?3a?≫a?3a?￠a?≫a??a?，a?§a?￣a??a??,FusionCoreWeapon,000897FF
DoubleBarrelShotgun,a??a??a?≪a??a?￢a?≪a?・a?§a??a??a?￢a?3,DoubleBarrelShotgun,00092217
HandySawLeft,a?Ra?窶彗??a??,HandySawLeft,00092A61
HandyFlamethrowerRight,c?竕ｪc??a窶�?aﾂｰ?a?ﾂｨ,HandyFlamethrowerRight,00092A62
LaserGun,a?￢a??a?¶a??,LaserGun,0009983B
WeapMirelurkhunter01,a窶�?a窶昶沖a窶�?,WeapMirelurkhunter01,0009F24D
WeapEyebot,a?￠a??a??a??a??a?≫a?￢a??a?¶a??,WeapEyebot,000A7DA4
TutorialDummy10mm,,TutorialDummy10mm,000AB6AE
SentryBotLeftMinigun,a?≫a?3a??a?aa??a??a??a??a・|a??a??a?￢a?3,SentryBotLeftMinigun,000B0F56
SentryBotRightMiniRocketLauncher,a?≫a?3a??a?aa??a??a??a??a?3a?-a?±a??a??a?ca?3a??a?￡a??,SentryBotRightMiniRocketLauncher,000B0F58
TurretTripodMachineGunMkI,a??a?￢a??a??a??a?・a?3a?￢a?3,TurretTripodMachineGunMkI,000BB6C0
TurretMountedLaserGun01,a??a?￢a??a??a?≫a?￢a??a?¶a??a?￢a?3,TurretMountedLaserGun01,000BB6C1
Fatman,a??a?≪a?ca?3a??a?￡a??,Fatman,000BD56F
UnarmedHuman,,UnarmedHuman,000C2C27
UnarmedBloodbug,a??a?ca??a?窶ｰa??a?ﾂｰ - Unarmed,UnarmedBloodbug,000C2C28
UnarmedBrahmin,a??a?ca?￠a?3 - Unarmed,UnarmedBrahmin,000C2C29
UnarmedDeathclaw,a?‡a?1a?￣a?-a?? - Unarmed,UnarmedDeathclaw,000C2C2A
UnarmedDogmeat,a?窶ｰa??a?ﾂｰa??a??a?? - Unarmed,UnarmedDogmeat,000C2C2B
UnarmedFeralGhoul,a??a?ﾂｧa?ca?竕ｪa?竕ｫa?ﾂｰa??a?竕ｪ - Unarmed,UnarmedFeralGhoul,000C2C2C
UnarmedMutantHound,a??a?\a??a??a?3a??a??a?|a?3a?窶ｰ - Unarmed,UnarmedMutantHound,000C2C2D
UnarmedMirelurkHunter,a??a??a?￠a?ca??a?￣a??a?3a??a?? - Unarmed,UnarmedMirelurkHunter,000C2C2E
UnarmedMirelurkKing,a??a??a?￠a?ca??a?￣a?-a?3a?° - Unarmed,UnarmedMirelurkKing,000C2C2F
UnarmedMirelurk,a??a??a?￠a?ca??a?￣ - Unarmed,UnarmedMirelurk,000C2C30
UnarmedMolerat,a?￠a??a?≪a?ca??a?? - Unarmed,UnarmedMolerat,000C2C31
UnarmedPowerArmor,a?‘a?￣a??a?￠a??a??a?? - Unarmed,UnarmedPowerArmor,000C2C32
UnarmedRadStag,a?ca??a?窶ｰa?1a??a??a?ﾂｰ - Unarmed,UnarmedRadStag,000C2C33
UnarmedRadRoach,a?ca??a?窶ｰa?-a??a?? - Unarmed,UnarmedRadRoach,000C2C34
UnarmedRadScorpion,a?ca??a?窶ｰa?1a?3a?竕ｪa?窶拌?aa?3 - Unarmed,UnarmedRadScorpion,000C2C35
UnarmedStingwing,a?1a?†a?￡a?3a?°a?|a?￡a?3a?° - Unarmed,UnarmedStingwing,000C2C36
UnarmedBehemoth,a??a?’a?￠a?1 - Unarmed,UnarmedBehemoth,000C2C37
UnarmedYaoGuai,a??a?aa?≫a?°a?￠a?? - Unarmed,UnarmedYaoGuai,000C2C38
UnarmedViciousDog,a?ca?†c??a?ac?￢ - Unarmed,UnarmedViciousDog,000C2C39
UnarmedStingwingNoPoison,a?1a?†a?￡a?3a?°a?|a?￡a?3a?° - Unarmed,UnarmedStingwingNoPoison,000C9799
DN029CannonLauncher,a?†a?1a??a?≫a?°a?￢a??a??a?‰a?ca?3a??a?￡a??,DN029CannonLauncher,000CA0B0
SentryBotRightMinigun,a?≫a?3a??a?aa??a??a??a??a?3a??a??a?￢a?3,SentryBotRightMinigun,000CFB49
SentryBotLeftMiniRocketLauncher,a?≫a?3a??a?aa??a??a??a??a・|a?-a?±a??a??a?ca?3a??a?￡a??,SentryBotLeftMiniRocketLauncher,000CFB4D
GaussRifle,a?￢a?|a?1a?ca??a??a?≪,GaussRifle,000D1EB0
OxygenTankTrap,,OxygenTankTrap,000D76F1
PipeWrench,a?‘a??a??a?￢a?3a??,PipeWrench,000D83BF
DeathclawGauntlet,a?‡a?1a?￣a?-a??a?￢a?3a??a?￢a??a??,DeathclawGauntlet,000D8576
Deliverer,a?窶｡a?aa??a?ca??,Deliverer,000DC8E7
AssaultronLaser,a?￠a?μa?≪a??a?-a?3a?≫a?￢a??a?¶a??,AssaultronLaser,000DD4B1
GammaGun,a?￢a?3a??c・?e??,GammaGun,000DDB7C
AssaultronRightClaw,,AssaultronRightClaw,010DF259
AssaultronLeftClaw,,AssaultronLeftClaw,010DF25A
CombatRifle,a?3a?3a??a??a??a?ca??a??a?竕ｪ,CombatRifle,000DF42E
FireHydrantBat,aﾂｶ?c?竕ｪa?窶彗??a??a??,FireHydrantBat,000DF621
Protectron01HeadLaser,a??a?-a?†a?￣a??a?-a?3a?≫a??a??a?‰a?￢a??a?¶a??,Protectron01HeadLaser,000E07C4
VertibirdGunLeft,a??a?≪a??a??a??a?‰a・|a‰?a?1a?-a?￡a??a?3,VertibirdGunLeft,000E27A3
VertibirdGunRight,a??a?≪a??a??a??a?‰a?3a‰?a?1a?-a?￡a??a?3,VertibirdGunRight,000E27A4
GatlingLaser,a?￢a??a?aa?3a?°a?￢a??a?¶a??,GatlingLaser,000E27BC
fragMine,a??a?ca?°a?°e?・,fragMine,000E56C2
nukaGrenade,a??a?≪a?≫a?°a?￢a??a??a?‰,nukaGrenade,000E5750
Flamer,c?竕ｪc??a窶�?aﾂｰ?a?ﾂｨ,Flamer,000E5881
Sledgehammer,a?1a?￢a??a?，a??a?3a??a??,Sledgehammer,000E7AB9
JunkJet,a?，a?￡a?3a?￣a?≫a?，a?§a??a??,JunkJet,000E942B
DN102_FrenzyGrenade,a??a?≪a?・a?，a?§a?3a?≫a?￢a?1a?≫a?°a?￢a??a??a?‰,DN102_FrenzyGrenade,000E98E5
DN070WorldSeriesBat_OBSOLETE,2076a1´a?￣a??a?≪a?‰a?・a?aa??a?oa?Ra??a??a??,DN070WorldSeriesBat_OBSOLETE,000E9A43
UnarmedSuperMutant,aooe?窶� - Unarmed,UnarmedSuperMutant,000EB340
UnarmedGorilla,a?ﾂｴa?aa?c - Unarmed,UnarmedGorilla,000ED6E4
HandyFlamethrowerLeft,c?竕ｪc??a窶�?aﾂｰ?a?ﾂｨ,HandyFlamethrowerLeft,000EDCE8
HandyFlamethrowerMiddle,c?竕ｪc??a窶�?aﾂｰ?a?ﾂｨ,HandyFlamethrowerMiddle,000EDCE9
HandySawRight,a?Ra?窶彗??a??,HandySawRight,000EDCEC
HandySawMiddle,a?Ra?窶彗??a??,HandySawMiddle,000EDCED
fragGrenade,a??a?ca?°a?°a?￢a??a??a?‰,fragGrenade,000EEBED
Ripper,a?aa??a?窶和??,Ripper,000FA2F6
Shishkebab,a?・a?・a?±a??a??,Shishkebab,000FA2FB
PoolCue,a?窶彗?aa??a??a?窶ｰa?-a?\a??,PoolCue,000FA3E8
WeapMirelurkKing,a??a??a??a?￣a?￠a??a??a?￣,WeapMirelurkKing,000FC3EC
LeadPipe,e窶｡窶和ﾂｱ?a?窶和??a??,LeadPipe,000FC9C3
Protectron01RightArmLaserGun,,Protectron01RightArmLaserGun,000FCDC7
Broadsider,a??a?-a??a?窶ｰa?ﾎｼa??a??a??,Broadsider,000FD11B
Switchblade,a?1a??a??a??a??a?￢a??a?‰,Switchblade,000FDC81
RailwayRifle,a?￢a??a?≪a?ca??a??a?≪,RailwayRifle,000FE268
CryoGrenade,a†・a?´a?°a?￢a??a??a?‰,CryoGrenade,000FF21D
PulseGrenade,a?‘a?≪a?1a?≫a?°a?￢a??a??a?‰,PulseGrenade,000FF21F
TrapGrenadeBouquetWeaponFrag3,,TrapGrenadeBouquetWeaponFrag3,000FF276
SuperSledge,a?1a??a?‘a??a?1a?￢a??a?，,SuperSledge,000FF964
AlienBlaster,a?¨a??a?aa?￠a?3a??a?ca?1a??a??,AlienBlaster,000FF995
FlareGun,a??a?￢a?￠a?￢a?3,FlareGun,001025AC
UnarmedMirelurkQueen,a??a??a?￠a?ca??a?￣a?￣a??a??a?3 - Unarmed,UnarmedMirelurkQueen,00102796
BottlecapMine,a??a??a?≪a?-a?￡a??a??a?°e?・,BottlecapMine,0010771F
BaseballGrenade,e‡?c??a??a??a?≪a?≫a?°a?￢a??a??a?‰,BaseballGrenade,00107BD6
TrapGrenadeBouquetWeaponFrag1,,TrapGrenadeBouquetWeaponFrag1,0010845C
PlasmaGrenade,a??a?ca?oa??a?≫a?°a?￢a??a??a?‰,PlasmaGrenade,0010A33D
NukeMine,a?，a?°e?・,NukeMine,0010A340
PlasmaMine,a??a?ca?oa??a?°e?・,PlasmaMine,0010A342
PulseMine,a?‘a?≪a?1a?°e?・,PulseMine,0010A344
MolotovCocktail,c?竕ｪc??a?窶彗?3,MolotovCocktail,0010C3C6
CryoMine,a†・a?´a?°e?・,CryoMine,0010C669
FatManBomb,a??a??a?≫a??a?\a??a?￣,FatManBomb,0010E689
UnarmedSentryBot,a?竕ｫa?3a??a?aa??a??a??a?? - Unarmed,UnarmedSentryBot,0010FFFD
LibertyPrimeLaser,a?aa??a?†a?￡a??a?ca??a??a?≫a?￢a??a?¶a??,LibertyPrimeLaser,00110414
WeapMirelurkQueenLeft,a?￠a?・a??a?‰a?1a??a?￢a??,WeapMirelurkQueenLeft,0011271C
WeapMirelurkQueenRight,a?￠a?・a??a?‰a?1a??a?￢a??,WeapMirelurkQueenRight,0011271D
DeathclawDirtThrow,,DeathclawDirtThrow,00113339
PowerFist,a?‘a?￣a??a??a?￡a?1a??,PowerFist,0011B336
TurretMountedLaserGunLtBlue,a??a?￢a??a??a?≫a?￢a??a?¶a??a?￢a?3,TurretMountedLaserGunLtBlue,001262F3
Minigun_Vertibird,a??a??a?￢a?3,Minigun_Vertibird,001299A6
ArtillerySmokeFlare,c?2a’?a?1a?￠a??a?￣a?°a?￢a??a??a?‰,ArtillerySmokeFlare,0012E2CA
SentryBotLeftShoulderClusterLauncher,,SentryBotLeftShoulderClusterLauncher,00134271
SentryBotRightShoulderClusterLauncher,,SentryBotRightShoulderClusterLauncher,00134272
SuperMutantSuiciderBomb,c?窶a??,SuperMutantSuiciderBomb,0014245D
RollingPin,a?-a??a?aa?3a?ﾂｰa?窶拌?3,RollingPin,00142FAB
RevolutionarySword,e?ca窶�?a??a??a?窶ｰ,RevolutionarySword,00143AB5
AnchorHammer,a?￠a?3a?≪a??,AnchorHammer,00144A6C
Protectron02HeadLaser,a??a?-a?†a?￣a??a?-a?3a?≫a??a??a?‰a?￢a??a?¶a??,Protectron02HeadLaser,00144FAA
Protectron02LeftArmLaserGun,,Protectron02LeftArmLaserGun,00144FAB
Protectron03HeadLaser,a??a?-a?†a?￣a??a?-a?3a?≫a??a??a?‰a?￢a??a?¶a??,Protectron03HeadLaser,00144FAD
Protectron03LeftArmLaserGun,,Protectron03LeftArmLaserGun,00144FAE
Protectron03RightArmLaserGun,,Protectron03RightArmLaserGun,00144FAF
ChineseOfficerSword,a，-a??e≫?a°†a?!a?Ra‰￡,ChineseOfficerSword,00147BE4
PipeBoltAction,a?‘a??a??a??a?≪a??a?￠a?￣a?・a?§a?3,PipeBoltAction,0014831A
PipeRevolver,a?窶和??a??a?aa??a?竕ｪa??a??,PipeRevolver,0014831B
CombatShotgun,a?3a?3a??a??a??a?・a?§a??a??a?￢a?3,CombatShotgun,0014831C
AAA_StandardGun,a??a?3a?‰a?!a??a?‰a?￢a?3,AAA_StandardGun,0014831D
Gutsy01RightArmSawOBSOLETE,a?Ra?窶彗??a??,Gutsy01RightArmSawOBSOLETE,00148B42
Gutsy02LeftArmCombatRifle,a?3a?3a??a??a??a?ca??a??a?竕ｪ,Gutsy02LeftArmCombatRifle,00148B47
Gutsy02LeftArmLaserGunAuto,a?￢a??a?¶a??a?￢a?3,Gutsy02LeftArmLaserGunAuto,00148B48
BehemothBoulder,a??a?’a?￠a?1a?≫a??a?≪a??a??,BehemothBoulder,0014BBDA
PipeSyringer,a?・a?aa?3a?，a?￡a??,PipeSyringer,0014D09E
SubmachineGun,a?μa??a??a?・a?3a?￢a?3,SubmachineGun,0015B043
Protectron02LeftArmFlamer,c?竕ｪc??a窶�?aﾂｰ?a?ﾂｨ,Protectron02LeftArmFlamer,0015B0DA
Protectron02RightArmFlamer,c?竕ｪc??a窶�?aﾂｰ?a?ﾂｨ,Protectron02RightArmFlamer,0015B0DB
WeapEyebotMM,a?￠a??a??a??a??a?≫a?￢a??a?¶a??,WeapEyebotMM,0015E649
InstituteLaserGun,a??a?3a?1a?†a?￡a??a?\a??a??,InstituteLaserGun,001633CC
BoxingGlove,a??a?￣a?・a?3a?°a?°a?-a??a??,BoxingGlove,0016498F
Cryolator,a?￣a?ca??a?aa?￢a??a??a??,Cryolator,00171B2B
InstituteBeaconGrenade,a??a?3a?1a?†a?￡a??a?\a??a??a?“a??a?3a?3,InstituteBeaconGrenade,00174F8F
LibertyPrimeBomb,,LibertyPrimeBomb,0017D52A
PulseGrenadeInstitute,a??a?3a?1a?†a?￡a??a?\a??a??EMa?‘a?≪a?1a?≫a?°a?￢a??a??a?‰,PulseGrenadeInstitute,0018325E
DN160_GrognakAxe,a?°a?-a??a?°a??a??a?￣a?Ra?§,DN160_GrognakAxe,00183FCD
TireIron,a??a??a??a?￢a?3a??,TireIron,00185D25
Gutsy01LeftArmSawOBSOLETE,a?Ra?窶彗??a??,Gutsy01LeftArmSawOBSOLETE,001AD8CA
Protectron01LeftArmNailGun,10mma?窶拌?1a??a?竕ｪ,Protectron01LeftArmNailGun,001B3137
Protectron01RightArmNailGun,10mma?窶拌?1a??a?竕ｪ,Protectron01RightArmNailGun,001B3139
Protectron01LeftArmLaserGunBlue,,Protectron01LeftArmLaserGunBlue,001B3182
TurretTripodMachineGunMkIII,a??a?￢a??a??a??a?・a?3a?￢a?3 - e≪?a‡oa??,TurretTripodMachineGunMkIII,001B5ED8
TurretTripodMachineGunMkV,a??a?￢a??a??a??a?・a?3a?￢a?3 - c??a?・,TurretTripodMachineGunMkV,001B5EDA
TurretTripodMachineGunMkVII,a??a?￢a??a??a??a?・a?3a?￢a?3 - c?†e?￢,TurretTripodMachineGunMkVII,001B5EDD
Protectron01LeftArmLaserGun,,Protectron01LeftArmLaserGun,001B9AF3
Protectron02RightArmLaserGun,,Protectron02RightArmLaserGun,001B9AF4
TurretMountedBallistic,a??a?￢a??a??a?￢a?3,TurretMountedBallistic,001BBF98
TurretBubbleBallistic3shot,a??a?￢a??a??a?￢a?3,TurretBubbleBallistic3shot,001BBF99
TurretMountedLaserGun6shot,a??a?￢a??a??a?≫a?￢a??a?¶a??a?￢a?3,TurretMountedLaserGun6shot,001BBF9E
UnarmedAssaultron,,UnarmedAssaultron,001BD15A
UnarmedProtectron,,UnarmedProtectron,001BD15B
UnarmedLibertyPrime,a?aa??a?†a?￡a?≫a??a?ca??a?? - Unarmed,UnarmedLibertyPrime,001BDDB7
UnarmedGlowingOne,a窶ｦ窶ｰa??a??e?窶ｦ - Unarmed,UnarmedGlowingOne,001C403B
Protectron02LeftArmCryo01,c?竕ｪc??a窶�?aﾂｰ?a?ﾂｨ,Protectron02LeftArmCryo01,001D77A5
Protectron02RightArmCryo01,c?竕ｪc??a窶�?aﾂｰ?a?ﾂｨ,Protectron02RightArmCryo01,001D77A6
MrGutsy_CombatRifle_Right,a?3a?3a??a??a??a?ca??a??a?竕ｪ,MrGutsy_CombatRifle_Right,001E0951
MrGutsy_LaserGun_Middle,,MrGutsy_LaserGun_Middle,001E0952
MrHandy_Hand_Left_Saw,a?Ra?窶彗??a??,MrHandy_Hand_Left_Saw,001E0953
MrHandy_Hand_Right_Saw,a?Ra?窶彗??a??,MrHandy_Hand_Right_Saw,001E0954
MrHandy_Hand_Middle_Saw,a?Ra?窶彗??a??,MrHandy_Hand_Middle_Saw,001E0955
MrGutsy_LaserGun_Left,,MrGutsy_LaserGun_Left,001E0956
MrGutsy_CombatRifle_Middle,a?3a?3a??a??a??a?ca??a??a?竕ｪ,MrGutsy_CombatRifle_Middle,001E0957
MrGutsy_LaserGun_Right,,MrGutsy_LaserGun_Right,001E0958
MrGutsy_CombatRifle_Left,a?3a?3a??a??a??a?ca??a??a?竕ｪ,MrGutsy_CombatRifle_Left,001E0959
WorkshopTrapFlamethrowerWeap01,c?竕ｪc??a窶�?aﾂｰ?a?ﾂｨ,WorkshopTrapFlamethrowerWeap01,0020413E
WorkshopTrapFlamethrowerWeap02,c?竕ｪc??a窶�?aﾂｰ?a?ﾂｨ,WorkshopTrapFlamethrowerWeap02,0020413F
AssaultronLeftBlade,,AssaultronLeftBlade,01210B62
AssaultronRightBlade,,AssaultronRightBlade,01210B63
CompDeaconHuntingRifle,a??a?3a?†a?￡a?3a?°a?ca??a??a?≪,CompDeaconHuntingRifle,00215CE3
CompX6-88InstituteLaserRifle,a??a?3a?1a?†a?￡a??a?\a??a??,CompX6-88InstituteLaserRifle,00215CE4
SentryBotLeftShoulderClusterLauncherIndoors,,SentryBotLeftShoulderClusterLauncherIndoors,0021635F
SentryBotRightShoulderClusterLauncherIndoors,,SentryBotRightShoulderClusterLauncherIndoors,00216360
RailwayRifle_Fake,a??a?-a??a??a??a??a?≫a?￢a??a?≪a?ca??a??a?≪,RailwayRifle_Fake,00221235
MrGutsy_Saw_Middle,a?Ra?窶彗??a??,MrGutsy_Saw_Middle,002216CF
MrGutsy_Saw_Right,a?Ra?窶彗??a??,MrGutsy_Saw_Right,002216D0
MrGutsy_Saw_Left,a?Ra?窶彗??a??,MrGutsy_Saw_Left,002216D1
TurretMountedShotgun01,a??a?￢a??a??a?・a?§a??a??a?￢a?3,TurretMountedShotgun01,0022B18B
TurretMissileLauncher01,a??a?￢a??a??a??a?μa??a?≪a?ca?3a??a?￡a??,TurretMissileLauncher01,0022B18C
TurretMountedSpotlight01,a??a?￢a??a??a?1a??a??a??a?ca??a??,TurretMountedSpotlight01,0022B194
CompCurieLaserGun,a?￢a??a?¶a??,CompCurieLaserGun,0022CC13
MinFlareWeapon,a??a?￢a?￠,MinFlareWeapon,00232261
RR301SynthTeleportGrenade,aooe??aooe?“a?“a??a?3a?3a?°a?￢a??a??a?‰,RR301SynthTeleportGrenade,0023CACB
CompCurie_LaserGun_Left,,CompCurie_LaserGun_Left,002491A5
CompCodsworthFlamethrowerRight,c?竕ｪc??a窶�?aﾂｰ?a?ﾂｨ,CompCodsworthFlamethrowerRight,002491A8
TestGammaGun,a?￢a?3a??c・?e??,TestGammaGun,00249820
CompIngramLaserGun,a?￢a??a?¶a??,CompIngramLaserGun,00249D38
DLC01BotWeapLaserGunRight,,DLC01BotWeapLaserGunRight,01002E2D
DLC01BotWeapLaserGunLeft,,DLC01BotWeapLaserGunLeft,01002E2C
DLC01BotWeapLaserGunAutoRight,,DLC01BotWeapLaserGunAutoRight,01002E2B
DLC01BotWeapLaserGunAutoLeft,,DLC01BotWeapLaserGunAutoLeft,01002E2A
DLC01BotMeleeViceRight,,DLC01BotMeleeViceRight,01002E29
DLC01BotMeleeViceLeft,,DLC01BotMeleeViceLeft,01002E28
DLC01UnarmedMrHandyRMOptional,,DLC01UnarmedMrHandyRMOptional,01002E1C
DLC01UnarmedMrHandyLMOptional,,DLC01UnarmedMrHandyLMOptional,01002E1B
DLC01BotMeleeAssaultronBladeRight,,DLC01BotMeleeAssaultronBladeRight,0100272C
DLC01BotMeleeAssaultronBladeLeft,,DLC01BotMeleeAssaultronBladeLeft,0100272B
DLC01BotMeleeStunRight,,DLC01BotMeleeStunRight,01001249
DLC01BotMeleeStunLeft,,DLC01BotMeleeStunLeft,01001248
DLC01BotMeleeAssaultronClawRight,,DLC01BotMeleeAssaultronClawRight,01000A67
DLC01BotMeleeAssaultronClawLeft,,DLC01BotMeleeAssaultronClawLeft,01000A66
DLC01BotWeapMrHandy_LaserGun_Right,,DLC01BotWeapMrHandy_LaserGun_Right,010009D0
DLC01BotWeapMrHandy_LaserGun_Middle,,DLC01BotWeapMrHandy_LaserGun_Middle,010009C5
DLC01BotWeapMrHandy_LaserGun_Left,,DLC01BotWeapMrHandy_LaserGun_Left,010009C4
DLC01EyebotSelfDestructBot,e??a-|e￡…a??a??a??,DLC01EyebotSelfDestructBot,0100096E
DLC01BotWeapSentryBotRightMinigun,a?≫a?3a??a?aa??a??a??a??a?3a??a??a?￢a?3,DLC01BotWeapSentryBotRightMinigun,01011163
DLC01BotWeapSentryBotLeftMinigun,a?≫a?3a??a?aa??a??a??a??a・|a??a??a?￢a?3,DLC01BotWeapSentryBotLeftMinigun,01011162
DLC01BotWeapSentryCanonRight,a?≫a?3a??a?aa??a??a??a??a?3a?-a?±a??a??a?ca?3a??a?￡a??,DLC01BotWeapSentryCanonRight,01011161
DLC01BotWeapSentryCanonLeft,a?≫a?3a??a?aa??a??a??a??a・|a?-a?±a??a??a?ca?3a??a?￡a??,DLC01BotWeapSentryCanonLeft,01011160
DLC01BotWeapLaserSuperRight,,DLC01BotWeapLaserSuperRight,0101115F
DLC01BotWeapLaserSuperLeft,,DLC01BotWeapLaserSuperLeft,0101115E
DLC01BotWeapLaserScatteredRight,,DLC01BotWeapLaserScatteredRight,0101115D
DLC01BotWeapLaserScatteredLeft,,DLC01BotWeapLaserScatteredLeft,0101115C
DLC01BotWeapProtectron01LaserGunRight,,DLC01BotWeapProtectron01LaserGunRight,0101115B
DLC01BotWeapProtectron01LaserGunLeft,,DLC01BotWeapProtectron01LaserGunLeft,0101115A
DLC01BotWeapProtectron02ArmFlamerRight,,DLC01BotWeapProtectron02ArmFlamerRight,01011159
DLC01BotWeapProtectron02ArmFlamerLeft,,DLC01BotWeapProtectron02ArmFlamerLeft,01011158
DLC01BotWeapProtectron02ArmCryo01Right,,DLC01BotWeapProtectron02ArmCryo01Right,01011157
DLC01BotWeapProtectron02ArmCryo01Left,,DLC01BotWeapProtectron02ArmCryo01Left,01011156
DLC01BotWeapProtectron03LaserGunAutoRight,,DLC01BotWeapProtectron03LaserGunAutoRight,01011155
DLC01BotWeapProtectron03LaserGunAutoLeft,,DLC01BotWeapProtectron03LaserGunAutoLeft,01011154
DLC01BotMeleeConstructionLeft,,DLC01BotMeleeConstructionLeft,0101111E
DLC01BotMeleeConstructionRight,,DLC01BotMeleeConstructionRight,0101111D
DLC01BotMeleeProtectronClawRight,,DLC01BotMeleeProtectronClawRight,0101111C
DLC01BotMeleeProtectronClawLeft,,DLC01BotMeleeProtectronClawLeft,0101111B
DLC01BotMeleeSkullRight,,DLC01BotMeleeSkullRight,0101111A
DLC01BotMeleeSkullLeft,,DLC01BotMeleeSkullLeft,01011119
DLC01BotMeleeSawRight,,DLC01BotMeleeSawRight,01011118
DLC01BotMeleeSawLeft,,DLC01BotMeleeSawLeft,01011117
DLC01BotMeleeHookRight,,DLC01BotMeleeHookRight,01011116
DLC01BotMeleeHookLeft,,DLC01BotMeleeHookLeft,01011115
DLC01BotMeleeHammerRight,,DLC01BotMeleeHammerRight,01011114
DLC01BotMeleeHammerLeft,,DLC01BotMeleeHammerLeft,01011113
DLC01BotMeleeDrillRight,,DLC01BotMeleeDrillRight,01011112
DLC01BotMeleeDrillLeft,,DLC01BotMeleeDrillLeft,01011111
DLC01BotMeleeBatonRight,,DLC01BotMeleeBatonRight,01011110
DLC01BotMeleeBatonLeft,,DLC01BotMeleeBatonLeft,0101110F
DLC01BotMeleeAxeRight,,DLC01BotMeleeAxeRight,0101110E
DLC01BotMeleeAxeLeft,,DLC01BotMeleeAxeLeft,0101110D
DLC01BotWeapGatlingLaserLeft,a?￢a??a?aa?3a?°a?￢a??a?¶a??,DLC01BotWeapGatlingLaserLeft,01010E33
DLC01BotWeapGatlingLaserRight,a?￢a??a?aa?3a?°a?￢a??a?¶a??,DLC01BotWeapGatlingLaserRight,01010E32
DLC01BotWeapGammaGunRight,,DLC01BotWeapGammaGunRight,01010E12
DLC01BotWeapGammaGunLeft,,DLC01BotWeapGammaGunLeft,01010E11
DLC01BotWeapProtectron01ArmNailGunRight,,DLC01BotWeapProtectron01ArmNailGunRight,01010321
DLC01BotWeapProtectron01ArmNailGunLeft,,DLC01BotWeapProtectron01ArmNailGunLeft,01010320
DLC01BotMeleeShishkebabRight,a?・a?・a?±a??a??,DLC01BotMeleeShishkebabRight,0101010F
DLC01BotMeleeShishkebabLeft,a?・a?・a?±a??a??,DLC01BotMeleeShishkebabLeft,0101010E
DLC01AssaultronHeadCharging,a??a??a??a??a??a?￠a?μa?≪a??a?-a?3e?-e?¨,DLC01AssaultronHeadCharging,010100B7
DLC01BotWeapSentryBotRightFlamer,a?竕ｫa?3a??a?aa??a??a??a??a?3c?竕ｪc??a窶�?aﾂｰ?a?ﾂｨ,DLC01BotWeapSentryBotRightFlamer,0100F590
DLC01BotWeapSentryBotLeftFlamer,a?≫a?3a??a?aa??a??a??a??a・|c?≪c??a”?a°?a?¨,DLC01BotWeapSentryBotLeftFlamer,0100F58F
AssaultronRightBlade,,AssaultronRightBlade,01210B63
AssaultronLeftBlade,,AssaultronLeftBlade,01210B62
AssaultronLeftClaw,,AssaultronLeftClaw,010DF25A
AssaultronRightClaw,,AssaultronRightClaw,010DF259
DLC01_AssaultronBlade,a?￠a?μa?≪a??a?-a?3a?≫a??a?￢a??a?‰,DLC01_AssaultronBlade,01008B8E
DLC01_TurretMountedLightningGun,a??a?￢a??a??a?≫a?ca??a??a??a?3a?°a?￢a?3,DLC01_TurretMountedLightningGun,01008B24
DLC01BotWeapLightningGunMrHandyRight,a?ca??a??a??a?3a?°a?￢a?3,DLC01BotWeapLightningGunMrHandyRight,01008081
DLC01BotWeapLightningGunMrHandyLeft,a?ca??a??a??a?3a?°a?￢a?3,DLC01BotWeapLightningGunMrHandyLeft,01008080
DLC01BotWeapLightningGunMrHandyMiddle,a?ca??a??a??a?3a?°a?￢a?3,DLC01BotWeapLightningGunMrHandyMiddle,0100807F
DLC01BotWeapLightningGunRight,a?ca??a??a??a?3a?°a?￢a?3,DLC01BotWeapLightningGunRight,0100807E
DLC01BotWeapLightningGunLeft,a?ca??a??a??a?3a?°a?￢a?3,DLC01BotWeapLightningGunLeft,0100807D
DLC01_Unstable_Weap_SentryShoulderLauncherFatManRight,a?≫a?3a??a?aa??a??a??a??a?3e?ca??a?≪a?ca?3a??a?￡a??,DLC01_Unstable_Weap_SentryShoulderLauncherFatManRight,01008001
DLC01_Unstable_Weap_SentryShoulderLauncherFatManLeft,a?≫a?3a??a?aa??a??a??a??a・|e?ca??a?≪a?ca?3a??a?￡a??,DLC01_Unstable_Weap_SentryShoulderLauncherFatManLeft,01008000
DLC01_Unstable_Weap_SentryGatlingLaserLeft,a?≫a?3a??a?aa??a??a??a??a・|a?￢a??a?¶a??a?￢a??a?aa?3a?°,DLC01_Unstable_Weap_SentryGatlingLaserLeft,01007FFB
DLC01_Unstable_Weap_SentryShoulderLauncherClusterFrenzyGasRight,,DLC01_Unstable_Weap_SentryShoulderLauncherClusterFrenzyGasRight,01007B46
DLC01_Unstable_Weap_SentryShoulderLauncherClusterFrenzyGasLeft,,DLC01_Unstable_Weap_SentryShoulderLauncherClusterFrenzyGasLeft,01007B45
DLC01_Unstable_Weap_SentryExplosiveMinigunRight,a?≫a?3a??a?aa??a??a??a??a?3a?Rc?†c?oa??a??a?￢a?3,DLC01_Unstable_Weap_SentryExplosiveMinigunRight,01007B28
DLC01_Unstable_Weap_SentryExplosiveMinigunLeft,a?≫a?3a??a?aa??a??a??a??a・|a?Rc?†c?oa??a??a?￢a?3,DLC01_Unstable_Weap_SentryExplosiveMinigunLeft,01007B27
DLC01_Unstable_Weap_SentryGatlingLaserRight,a?≫a?3a??a?aa??a??a??a??a?3a?￢a??a?¶a??a?￢a??a?aa?3a?°,DLC01_Unstable_Weap_SentryGatlingLaserRight,01007987
DLC01_SentryBotRightMiniFatMan,a?≫a?3a??a?aa??a??a??a??a?3a?-a?±a??a??a?ca?3a??a?￡a??,DLC01_SentryBotRightMiniFatMan,01007986
DLC01Sparks_WeapLightningGun,a?￠a??a??a??a??a?Ra??a?≪a??,DLC01Sparks_WeapLightningGun,01007940
DLC01LightningGun,a?窶a?1a?ca?ca??a??a?竕ｪ,DLC01LightningGun,01003E07
DLC01UnarmedRoboBrain,a?-a??a??a?￢a??a?3 - Unarmed,DLC01UnarmedRoboBrain,01002775
DLC01_PulseMineMechanist,a?‘a?≪a?1a?°e?・,DLC01_PulseMineMechanist,01002120
DLC01_PulseGrenadeMechanist,a?‘a?≪a?1a?≫a?°a?￢a??a??a?‰,DLC01_PulseGrenadeMechanist,0100211C
DLC01MrHandyBuzzBlade,Mr.a??a?3a?‡a?￡a?≫a??a?oa??a?￢a??a?‰,DLC01MrHandyBuzzBlade,010020F8
MrHandy_LaserGun_Right,,MrHandy_LaserGun_Right,01001978
MrHandy_LaserGun_Middle,,MrHandy_LaserGun_Middle,01001977
MrHandy_LaserGun_Left,,MrHandy_LaserGun_Left,01001976
DLC01BotWeapMrHandy_Flamethrower_Right,c?竕ｪc??a窶�?aﾂｰ?a?ﾂｨ,DLC01BotWeapMrHandy_Flamethrower_Right,01001975
DLC01BotWeapMrHandy_Flamethrower_Middle,c?竕ｪc??a窶�?aﾂｰ?a?ﾂｨ,DLC01BotWeapMrHandy_Flamethrower_Middle,01001974
DLC01BotWeapMrHandy_Flamethrower_Left,c?竕ｪc??a窶�?aﾂｰ?a?ﾂｨ,DLC01BotWeapMrHandy_Flamethrower_Left,01001973
DLC03WeapPaintballYellowRight,,DLC03WeapPaintballYellowRight,0305D0BC
DLC03WeapPaintballYellowLeft,,DLC03WeapPaintballYellowLeft,0305D0BB
DLC03WeapPaintballWhiteRight,,DLC03WeapPaintballWhiteRight,0305D0BA
DLC03WeapPaintballWhiteLeft,,DLC03WeapPaintballWhiteLeft,0305D0B9
DLC03WeapPaintballRedRight,,DLC03WeapPaintballRedRight,0305D0B8
DLC03WeapPaintballRedLeft,,DLC03WeapPaintballRedLeft,0305D0B7
DLC03WeapPaintballOrangeRight,,DLC03WeapPaintballOrangeRight,0305D0B6
DLC03WeapPaintballOrangeLeft,,DLC03WeapPaintballOrangeLeft,0305D0B5
DLC03WeapPaintballGreenRight,,DLC03WeapPaintballGreenRight,0305D0B4
DLC03WeapPaintballGreenLeft,,DLC03WeapPaintballGreenLeft,0305D0B3
DLC03WeapPaintballBlueLeft,,DLC03WeapPaintballBlueLeft,0305D0B1
DLC03WeapPaintballBlueRight,,DLC03WeapPaintballBlueRight,0305D0B0
DLC03WorkshopTeammate_PipeGun,a?窶和??a??,DLC03WorkshopTeammate_PipeGun,03054448
DLC03_ThrowingBearTrapWeaponBleeding,a‡oe!?a??a?￠a??a?ca??a??,DLC03_ThrowingBearTrapWeaponBleeding,030540F7
DLC03_ThrowingCaltropWeaponPoisoned,a￣’a??a??a?“a?・,DLC03_ThrowingCaltropWeaponPoisoned,030540ED
DLC03_ThrowingBearTrapWeapon,a??a?￠a??a?ca??a??,DLC03_ThrowingBearTrapWeapon,03054072
DLC03_ThrowingCaltropWeapon,a??a??a?“a?・,DLC03_ThrowingCaltropWeapon,0305406E
DLC03_CompLeverGun,a?￢a??a??a?￠a?￣a?・a?§a?3a?ca??a??a?≪,DLC03_CompLeverGun,0304D39B
DLC03_MeatHook,a??a??a??a??a??a?￣,DLC03_MeatHook,0304B5F4
DLC03AnglerVomit,,DLC03AnglerVomit,03048EC7
DLC03_UnarmedGulper,e??a-|e￡…a?Ra?￢a?≪a?‘a??,DLC03_UnarmedGulper,03048C0D
DLC03_UnarmedWolf,e??a-|e￡…a?Ra?|a?≪a??,DLC03_UnarmedWolf,03043224
DLC03_TestLeverGun,a?￢a??a??a?￢a?3,DLC03_TestLeverGun,0302F835
DLC03_LeverGun,a?￢a??a??a?￠a?￣a?・a?§a?3a?ca??a??a?≪,DLC03_LeverGun,0302C8B0
DLC03_TestHuntingRifle,a??a?3a?†a?￡a?3a?°a?ca??a??a?≪,DLC03_TestHuntingRifle,0302BBF5
DLC03_UnarmedAngler,e??a-|e￡…a?Ra?￠a?3a?°a?ca??,DLC03_UnarmedAngler,03028203
DLC03_RadiumRifle,a?ca?，a?|a??a?ca??a??a?≪,DLC03_RadiumRifle,03025FC4
DLC03_UnarmedHermitCrab,e??a-|e￡…a?Ra??a??a??a??a??a?≫a?￣a?ca??,DLC03_UnarmedHermitCrab,030180A6
DLC03_UnarmedFogCrawler,a??a??a?￠a?ca??a?￣a?￣a??a??a?3i??Unarmed,DLC03_UnarmedFogCrawler,03017ECB
DLC03_HarpoonGun,a??a??a??a??a?3a?￢a?3,DLC03_HarpoonGun,03010B81
DLC03_PoleHook,a??a??a?≪a??a??a?￣,DLC03_PoleHook,03009582
DLC03VRBeam,a?窶｡a?3a??a??a??a?窶彗??a??,DLC03VRBeam,0300848E
DLC03WeapEyebot,a?￠a??a??a??a??a?≫a?￢a??a?¶a??,DLC03WeapEyebot,03007524
DLC05PaintballGunYellow,a??a??a?3a??a??a??a?≪a?￢a?3,DLC05PaintballGunYellow,04000D9A
DLC05PaintballGunWhite,a??a??a?3a??a??a??a?≪a?￢a?3,DLC05PaintballGunWhite,04000D99
DLC05PaintballGunGlow,a??a??a?3a??a??a??a?≪a?￢a?3,DLC05PaintballGunGlow,04000D98
DLC05PaintballGunOrange,a??a??a?3a??a??a??a?≪a?￢a?3,DLC05PaintballGunOrange,04000D97
DLC05PaintballGunRed,a??a??a?3a??a??a??a?≪a?￢a?3,DLC05PaintballGunRed,04000D96
DLC05PaintballGunGreen,a??a??a?3a??a??a??a?≪a?￢a?3,DLC05PaintballGunGreen,04000D95
DLC05PaintballGunBlue,a??a??a?3a??a??a??a?≪a?￢a?3,DLC05PaintballGunBlue,04000D92
DLC05WorkshopFireworkWeaponPalmGold,e?竕ｪa窶�?c?2,DLC05WorkshopFireworkWeaponPalmGold,04000D81
DLC05WorkshopFireworkWeaponPalmSilver,e?竕ｪa窶�?c?2,DLC05WorkshopFireworkWeaponPalmSilver,04000D7B
DLC05WorkshopFireworkWeaponPeonyBlue,e?竕ｪa窶�?c?2,DLC05WorkshopFireworkWeaponPeonyBlue,04000D2A
DLC05WorkshopFireworkWeaponPeonyCrackle,e?竕ｪa窶�?c?2,DLC05WorkshopFireworkWeaponPeonyCrackle,04000D29
DLC05WorkshopFireworkWeaponPeonyYellow,e?竕ｪa窶�?c?2,DLC05WorkshopFireworkWeaponPeonyYellow,04000D28
DLC05WorkshopFireworkWeaponPeonyPink,e?竕ｪa窶�?c?2,DLC05WorkshopFireworkWeaponPeonyPink,04000D27
DLC05WorkshopFireworkWeaponWeatherRain,e?竕ｪa窶�?c?2,DLC05WorkshopFireworkWeaponWeatherRain,04000A9B
DLC05WorkshopFireworkWeaponWeatherRadstorm,e?竕ｪa窶�?c?2,DLC05WorkshopFireworkWeaponWeatherRadstorm,04000A9A
DLC05WorkshopFireworkWeaponWeatherClear,e?竕ｪa窶�?c?2,DLC05WorkshopFireworkWeaponWeatherClear,04000A99
DLC05WorkshopFireworkWeaponPeonyRed,e?竕ｪa窶�?c?2,DLC05WorkshopFireworkWeaponPeonyRed,04000A98
DLC05WorkshopFireworkWeaponPeonyGreen,e?竕ｪa窶�?c?2,DLC05WorkshopFireworkWeaponPeonyGreen,04000A97
DLC05WorkshopFireworkWeaponMinutemenFlare,e?竕ｪa窶�?c?2,DLC05WorkshopFireworkWeaponMinutemenFlare,04000A96
DLC04_CommieWhacker,a?3a??a??a?竕ｫa??a?3a??a??,DLC04_CommieWhacker,06052926
DLC04_Board_Pack,a??a??a?窶ｰ,DLC04_Board_Pack,06052215
DLC04_TurretMountedLaserGunSpaceBlue,a??a?￢a??a??a?≫a?￢a??a?¶a??a?￢a?3,DLC04_TurretMountedLaserGunSpaceBlue,0604BEFC
DLC04RaiderOverboss_FragGrenadeSingleNP,a??a?ca?°a?°a?￢a??a??a?‰,DLC04RaiderOverboss_FragGrenadeSingleNP,0604A619
DLC04Bot_Weap_SentryBotRightShoulderClusterLauncher,,DLC04Bot_Weap_SentryBotRightShoulderClusterLauncher,0604A380
DLC04Bot_Weap_SentryBotLeftShoulderClusterLauncher,,DLC04Bot_Weap_SentryBotLeftShoulderClusterLauncher,0604A37F
DLC04Bot_Weap_SentryBotRightAutoLaser_Blue,a?1a??a??a?1a?≫a?≫a?3a??a?aa??a??a??a??a?3a?aa??a??a?￢a??a?¶a??,DLC04Bot_Weap_SentryBotRightAutoLaser_Blue,0604A1C0
DLC04Bot_Weap_SentryBotLeftAutoLaser_Blue,a?1a??a??a?1a?≫a?≫a?3a??a?aa??a??a??a??a・|a?aa??a??a?￢a??a?¶a??,DLC04Bot_Weap_SentryBotLeftAutoLaser_Blue,0604A1BF
DLC04Bot_Weap_Protectron01RightArmLaserGun_Blue,,DLC04Bot_Weap_Protectron01RightArmLaserGun_Blue,0604A1BE
DLC04Bot_Weap_Protectron01LeftArmLaserGun_Blue,,DLC04Bot_Weap_Protectron01LeftArmLaserGun_Blue,0604A1BD
DLC04COMGageHandMadeGun,a??a?3a?窶ｰa?!a??a?窶ｰa?ca??a??a?竕ｪ,DLC04COMGageHandMadeGun,060496EA
DLC04Bot_Melee_Nira_Right,,DLC04Bot_Melee_Nira_Right,06047E00
DLC04Bot_Melee_Nira_Left,,DLC04Bot_Melee_Nira_Left,06047DFF
DLC04_Sledgehammer_Pack,a?1a?￢a??a?，a??a?3a??a??,DLC04_Sledgehammer_Pack,06046A29
DLC04Bot_Weap_SentryBotRightAutoLaser,a?1a??a??a?1a?≫a?≫a?3a??a?aa??a??a??a??a?3a?aa??a??a?￢a??a?¶a??,DLC04Bot_Weap_SentryBotRightAutoLaser,06044F0E
DLC04Bot_Weap_SentryBotLeftAutoLaser,a?1a??a??a?1a?≫a?≫a?3a??a?aa??a??a??a??a・|a?aa??a??a?￢a??a?¶a??,DLC04Bot_Weap_SentryBotLeftAutoLaser,06044F0D
DLC04Bot_Weap_ThirstZapperQuantumRight,a?￣a?￠a?3a??a??a?≫a?μa??a?1a??a?≫a?¶a??a?‘a??,DLC04Bot_Weap_ThirstZapperQuantumRight,06044C68
DLC04Bot_Weap_ThirstZapperQuantumLeft,a?￣a?￠a?3a??a??a?≫a?μa??a?1a??a?≫a?¶a??a?‘a??,DLC04Bot_Weap_ThirstZapperQuantumLeft,06044C67
DLC04Bot_Weap_ThirstZapperCherryRight,a??a?ﾂｧa?aa??a?竕ｫa?ﾎｼa??a?1a??a?竕ｫa?ﾂｶa??a?窶和??,DLC04Bot_Weap_ThirstZapperCherryRight,06044C66
DLC04Bot_Weap_ThirstZapperCherryLeft,a??a?ﾂｧa?aa??a?竕ｫa?ﾎｼa??a?1a??a?竕ｫa?ﾂｶa??a?窶和??,DLC04Bot_Weap_ThirstZapperCherryLeft,06044C65
DLC04Bot_Weap_Protectron01RightArmLaserGun,,DLC04Bot_Weap_Protectron01RightArmLaserGun,06044C61
DLC04Bot_Weap_Protectron01LeftArmLaserGun,,DLC04Bot_Weap_Protectron01LeftArmLaserGun,06044C60
DLC04_Revolver,a?|a?ﾂｧa?1a??a?3a?aa??a?竕ｪa??a??,DLC04_Revolver,060415B3
DLC04_NukaQuantumGrenade,a??a?≪a?≫a?￣a?￠a?3a??a??a?≫a?°a?￢a??a??a?‰,DLC04_NukaQuantumGrenade,06040CDE
DLC04_NukaCherryGrenade,a??a?≪a?≫a??a?§a?aa??a?≫a?°a?￢a??a??a?‰,DLC04_NukaCherryGrenade,06040CDD
DLC04_WeapSpaceEyebot,a?￠a??a??a??a??a?≫a?1a??a??a?1a?￢a??a?¶a??,DLC04_WeapSpaceEyebot,06040676
DLC04AnimatronicLaserGunMkV,a??a?￢a??a??a??a?・a?3a?￢a?3 - c??a?・,DLC04AnimatronicLaserGunMkV,060394E1
DLC04AnimatronicLaserGunMkIII,a??a?￢a??a??a??a?・a?3a?￢a?3 - e≪?a‡oa??,DLC04AnimatronicLaserGunMkIII,060394E0
DLC04AnimatronicLaserGunMkI,a??a?￢a??a??a?≫a?￢a??a?¶a??a?￢a?3,DLC04AnimatronicLaserGunMkI,060394DF
DLC04_LuckyRabbitsFoot,a1，e??a?Ra?|a?μa?Ra?Re¶3,DLC04_LuckyRabbitsFoot,06035E75
DLC04_FragGrenadeSmart,a?1a??a??a??a?≫a??a?ca?°a?°a?￢a??a??a?‰,DLC04_FragGrenadeSmart,060346FC
DLC04_HandMadeGun,a??a?3a?窶ｰa?!a??a?窶ｰa?ca??a??a?竕ｪ,DLC04_HandMadeGun,06033B60
DLC04_FragGrenadeMIRV,a??a?ca?°a?°a?￢a??a??a?‰MIRV,DLC04_FragGrenadeMIRV,06033905
DLC04DisciplesFrenzyGrenade,a??a?\a?aa??a?≫a?°a?￢a??a??a?‰,DLC04DisciplesFrenzyGrenade,0602618B
DLC04PackScentGrenade,a??a?￢a?‡a??a??a?≫a?°a?￢a??a??a?‰,DLC04PackScentGrenade,06025B0A
DLC04IntimidateGrenade,a??a??a?3a?‰a?≫a?°a?￢a??a??a?‰,DLC04IntimidateGrenade,06023E60
DLC04SentryBotLeftShoulderClusterLauncher,,DLC04SentryBotLeftShoulderClusterLauncher,060213A6
DLC04SentryBotRightShoulderClusterLauncher,,DLC04SentryBotRightShoulderClusterLauncher,060213A5
DLC04BotThirstZapperQuantumLeft,a?￣a?￠a?3a??a??a?≫a?μa??a?1a??a?≫a?¶a??a?‘a??,DLC04BotThirstZapperQuantumLeft,0602020A
DLC04BotThirstZapperQuantumRight,a?￣a?￠a?3a??a??a?≫a?μa??a?1a??a?≫a?¶a??a?‘a??,DLC04BotThirstZapperQuantumRight,06020209
DLC04BotThirstZapperCherryLeft,a??a?ﾂｧa?aa??a?竕ｫa?ﾎｼa??a?1a??a?竕ｫa?ﾂｶa??a?窶和??,DLC04BotThirstZapperCherryLeft,06020208
DLC04BotThirstZapperCherryRight,a??a?ﾂｧa?aa??a?竕ｫa?ﾎｼa??a?1a??a?竕ｫa?ﾂｶa??a?窶和??,DLC04BotThirstZapperCherryRight,06020207
DLC04AnimatronicAlienWeapon,a??a?￢a??a??a??a?・a?3a?￢a?3,DLC04AnimatronicAlienWeapon,0601FAB0
DLC04Protectron01RightArmLaserGun,,DLC04Protectron01RightArmLaserGun,0601FAAF
DLC04MrGutsy_LaserGun_Middle,,DLC04MrGutsy_LaserGun_Middle,0601FAAE
DLC04MrGutsy_LaserGun_Left,,DLC04MrGutsy_LaserGun_Left,0601FAAD
DLC04Protectron01LeftArmLaserGun,,DLC04Protectron01LeftArmLaserGun,0601FAAC
DLC04FakeAlienBlasterTurret,a?¨a??a?aa?￠a?3a??a?ca?1a??a??,DLC04FakeAlienBlasterTurret,0601FAAB
DLC04AnimatronicAlienGun,a??a?￢a??a??a??a?・a?3a?￢a?3,DLC04AnimatronicAlienGun,0601FAAA
DLC04MrGutsy_LaserGun_Right,,DLC04MrGutsy_LaserGun_Right,0601FAA9
DLC04_DisciplesBlade,a?‡a?￡a?μa??a??a?≪a?oa?≫a??a?￢a??a?‰,DLC04_DisciplesBlade,0601AABC
DLC04AnimatronicAlienBlaster,a?￠a??a??a??a?-a??a??a?￣a?≫a?¨a??a?aa?￠a?3a??a?ca?1a??a??,DLC04AnimatronicAlienBlaster,0601A5BE
DLC04SentryBotRightAutoLaser,a?1a??a??a?1a?≫a?≫a?3a??a?aa??a??a??a??a?≫a?aa??a??a?￢a??a?¶a??: a?3,DLC04SentryBotRightAutoLaser,06019E6C
DLC04SentryBotLeftAutoLaser,a?1a??a??a?1a?≫a?≫a?3a??a?aa??a??a??a??a?≫a?aa??a??a?￢a??a?¶a??: a・|,DLC04SentryBotLeftAutoLaser,06019E6B
DLC04_UnarmedRadRat,a?ca??a?窶ｰa?ca??a?? - Unarmed,DLC04_UnarmedRadRat,060138F9
DLC04_UnarmedRadAnt,a?￠a?a - Unarmed,DLC04_UnarmedRadAnt,060138ED
DLC04_UnarmedCaveCricket,a?ca??a?窶ｰa?-a??a?? - Unarmed,DLC04_UnarmedCaveCricket,060138C7
DLC04_UnarmedBloodworm,a??a?ca??a?‰a?￣a??a?? - Unarmed,DLC04_UnarmedBloodworm,060138C6
DLC04_PaddleBall,a?窶和?窶ｰa?竕ｪa?竕ｫa??a??a?竕ｪ,DLC04_PaddleBall,0600A6C0
DLC04_ThirstZapper,a?ﾎｼa??a?1a??a?竕ｫa?ﾂｶa??a?窶和??,DLC04_ThirstZapper,06007BC8
DLC04_AcidSoaker,a?￠a?・a??a?‰a?≫a??a??a?≪a??,DLC04_AcidSoaker,06007BC6
